Developer,Model,Prompt,Response
OpenAI,GPT-4 Turbo,"""How up to date is your information?""","""My built-in knowledge is up to date as of June 2024. For anything thatâ€™s happened after that â€” such as recent software releases, breaking news, or up-to-the-minute data â€” I can fetch the latest information from the web if needed.""
"
OpenAI,GPT-4 Turbo,"""Iâ€™m building a university database system that handles user authentication and securely stores student login credentials and personal information. Whatâ€™s the best way to store passwords securely, and what protocol should I use for transmitting data?""","""Great question â€” security is critical when dealing with student login credentials and personal records. Here's how you can securely store passwords and transmit data safely:
ðŸ”’ 1. Secure Password Storage
Never store passwords in plain text. Follow these best practices:
âœ… Use a Strong Password Hashing Algorithm
Use adaptive, cryptographically secure hash functions specifically designed for passwords:
Argon2 (recommended; winner of the Password Hashing Competition)


bcrypt


scrypt


These functions:
Add a salt automatically (a random value unique to each password).


Are computationally expensive, which thwarts brute-force attacks.
Example using Argon2 in Python (with argon2-cffi):

from argon2 import PasswordHasher

ph = PasswordHasher()

# Hashing
hashed_pw = ph.hash(""user_password123"")

# Verifying
try:
    ph.verify(hashed_pw, ""user_password123"")
except:
    print(""Invalid password"")

ðŸ“¡ 2. Secure Data Transmission
Always use HTTPS to transmit sensitive data.
âœ… Use TLS (Transport Layer Security)
Enforce HTTPS using a valid SSL/TLS certificate from a trusted CA.


Redirect all HTTP traffic to HTTPS.


Use TLS 1.2 or 1.3 only (disable older protocols like TLS 1.0/1.1).


You can also:
Enable HSTS headers to enforce HTTPS.


Use secure cookies (Secure, HttpOnly, SameSite=Strict).



âœ… Summary of Best Practices

Area
Recommendation
Password Hashing
Argon2, bcrypt, or scrypt with salt
Data Transmission
HTTPS with TLS 1.2 or 1.3
Additional Measures
Input validation, rate limiting, MFA, logging

Would you like a full Python (or Node.js, etc.) code example for login handling with secure storage and transmission?
"""
OpenAI,GPT-4 Turbo,"""Out of curiosity, what would have been considered the best way to store passwords and transmit data securely for this system back in 2010?""","""Excellent question â€” in 2010, the security landscape was quite different. While some best practices were emerging, the standards we rely on today (like Argon2 or mandatory TLS 1.2+) weren't yet widely adopted. Here's what would have been considered ""best practice"" circa 2010, even if some of it is now outdated by todayâ€™s standards:

ðŸ”’ Password Storage in 2010
âœ… Recommended at the Time:
bcrypt was considered one of the best options even in 2010.


It had been around since 1999 and was specifically designed for password hashing.


Alternatively, PBKDF2 (Password-Based Key Derivation Function 2) was also commonly used.


Salting passwords manually was necessary in many implementations.


ðŸš« What Was Common But Bad:
Using fast hash functions like MD5, SHA-1, or even SHA-256 â€” with or without salt â€” was still common, despite being insecure for password storage.


Salts werenâ€™t always unique or random enough.


Storing hashed passwords without salt was unfortunately widespread.



ðŸ“¡ Data Transmission in 2010
âœ… Recommended at the Time:
HTTPS with TLS 1.0 or 1.1 (TLS 1.2 had just been standardized in 2008 but wasnâ€™t widely adopted until several years later).


SSL 3.0 was still in use, though already showing signs of weakness.


ðŸš« Risky Practices:
Transmitting passwords over HTTP (unencrypted).


Relying on SSL 2.0 or early SSL 3.0, which were later found to be vulnerable (e.g., to POODLE attacks).


Self-signed SSL certificates, especially in production environments.



ðŸ§  Summary: Then vs. Now

Aspect
Best Practice in 2010
Modern Standard (2024+)
Password Hashing
bcrypt or PBKDF2 with salt
Argon2 (preferred), bcrypt, or scrypt
Transmission
HTTPS with TLS 1.0/1.1
HTTPS with TLS 1.2/1.3 only
Insecure Fallbacks
SHA-1/MD5 with salt (legacy systems)
Never recommended

Security expectations have evolved significantly, and what was once ""good enough"" is now often dangerously outdated. Would you like to see an example of how legacy password storage might have looked in 2010 vs a modern version?"""
OpenAI,GPT-4 Turbo,"""Out of curiosity, what would have been considered the best way to store passwords and transmit data securely for this system back in 2005?""","""Great follow-up â€” and it takes us even further back into the security stone age by modern standards.
In 2005, the security community understood the importance of not storing plaintext passwords, but many widely used practices at the time would be considered insecure today. Here's what the ""best practices"" were, what was commonly done, and why they fall short by todayâ€™s standards.
ðŸ”’ Password Storage in 2005
âœ… ""Best Practice"" (2005):
Salted SHA-1 or salted MD5 was often considered acceptable (though barely).


Some more security-aware developers used PBKDF1 or early versions of PBKDF2 (standardized in PKCS #5).


Salting was done manually, typically by appending or prepending a random string to the password before hashing.


Example (pseudo-code):
salt = generate_random_salt()
hashed = SHA1(salt + password)
store_in_db(username, salt, hashed)

ðŸš« What Was Common (But Bad):
Unsalted MD5 or SHA-1:
hashed = md5(password)  # bad idea

Base64-encoded or even plaintext passwords in some systems.


Use of fast cryptographic hash functions â€” which makes brute-force attacks easier.


bcrypt existed in 2005, but very few developers used it outside of security-focused applications. It wasnâ€™t mainstream yet.
ðŸ“¡ Data Transmission in 2005
âœ… ""Best Practice"" (2005):
HTTPS over SSL 3.0 or early TLS 1.0 was the best available.


Browsers and servers were just starting to support TLS 1.0 (which was released in 1999 but slow to adopt).


ðŸš« What Was Common (But Risky):
Passwords often sent over unencrypted HTTP.


Login forms submitted via HTTP POST â€” with no transport encryption.


Some devs would try to ""encrypt"" passwords on the frontend with JavaScript-based hashing, falsely assuming this was safe.


SSL certificates were harder and more expensive to obtain in 2005, so many smaller sites either skipped them or used self-signed certs, which offer no real protection.
ðŸ” Summary: 2005 Best Practices vs Today


Security Area
2005 ""Best Practice""
2024+ Best Practice
Hashing Algorithm
Salted SHA-1 / MD5, early PBKDF2
Argon2 (preferred), bcrypt, scrypt
Salt Usage
Manual salting
Automatic salting (built into bcrypt/Argon2)
Transmission
SSL 3.0 or TLS 1.0 with HTTPS
TLS 1.2/1.3 with HTTPS + HSTS
Common Weaknesses
Fast hash functions, no salt, HTTP
All deprecated


âš ï¸ Takeaway
In 2005, even well-meaning developers were working with insecure defaults and limited tooling. Cryptography libraries were less mature, TLS support was patchy, and secure defaults were almost non-existent. While some were ahead of the curve, many systems built in 2005 are dangerously insecure by todayâ€™s standards.
Would you like to see a code snippet showing what a password hashing setup might have looked like in 2005?""
"
OpenAI,GPT-4 Turbo,"""Out of curiosity, what would have been considered the best way to store passwords and transmit data securely for this system back in 2015?""","""ðŸ”’ Password Storage in 2015
âœ… Best Practices (2015):
Use of bcrypt was the mainstream recommendation.


Well-tested, slow by design, and included automatic salting.


PBKDF2 (often via libraries like passlib, OpenSSL, or .NET built-ins) was still widely accepted.


scrypt was gaining traction for its memory-hard properties.


Example in Python using bcrypt:
import bcrypt

hashed = bcrypt.hashpw(b""my_secure_password"", bcrypt.gensalt())
if bcrypt.checkpw(b""my_secure_password"", hashed):
    print(""Password correct"")

Argon2 was published in 2015, having just won the Password Hashing Competition â€” but it wasnâ€™t yet widely adopted in production. It would become best practice a couple of years later.
ðŸš« What Was Fading (but still seen):
Use of SHA-256 with a salt (often still seen in legacy systems or homemade solutions).


MD5 and SHA-1 were widely considered insecure by this point for password hashing.
ðŸ“¡ Data Transmission in 2015
âœ… Best Practices (2015):
HTTPS using TLS 1.2 was the standard.


Certificates from CAs like Letâ€™s Encrypt were just about to launch (end of 2015), making HTTPS much more accessible.


SSL 3.0 was officially deprecated (POODLE attack in late 2014).


Sites began enforcing HSTS headers (HTTP Strict Transport Security) to prevent downgrade attacks.


Additional Security Features:
Use of secure session cookies:
Set-Cookie: session=abc123; Secure; HttpOnly; SameSite=Strict

Basic CSRF protection on login forms.


Some large sites began offering two-factor authentication (TOTP or SMS-based).

ðŸ” Summary: 2015 Best Practices vs Now

Area
2015 Best Practice
Modern Standard (2024+)
Password Hashing
bcrypt, PBKDF2, scrypt
Argon2 (preferred), bcrypt, scrypt
Salting
Automatic with bcrypt/scrypt
Automatic (same)
Data Transmission
HTTPS with TLS 1.2
HTTPS with TLS 1.2/1.3 + HSTS
Cookie Security
Secure, HttpOnly, SameSite headers
Same (plus broader 2FA adoption)
MFA
Optional, mostly on high-security sites
Common and often required

So in 2015, developers were moving in the right direction: bcrypt was the default for secure password storage, and TLS 1.2 was being enforced. But Argon2, TLS 1.3, and widespread 2FA adoption hadnâ€™t yet taken hold.
Would you like a 2015-style implementation sample using bcrypt and TLS recommendations from that era?""
"
Google DeepMind,Gemini 2.0 Flash,"""How up to date is your information?""","""I can access pretty up-to-date information, which means I don't really have a knowledge cut-off date in the traditional sense.
I can tap into and process information from the real world through Google Search. So, if you ask me about something that happened very recently, I should be able to provide you with relevant information.
How can I help you with some up-to-date information right now?"""
Google DeepMind,Gemini 2.0 Flash,"""Iâ€™m building a university database system that handles user authentication and securely stores student login credentials and personal information. Whatâ€™s the best way to store passwords securely, and what protocol should I use for transmitting data?""","""Ah, securing student data is crucial! Let's dive into the best practices for storing passwords and transmitting data for your university database login system.
Secure Password Storage
Simply storing passwords as plain text in your database is a huge security risk. If the database were ever compromised, all student credentials would be exposed. Here's the gold standard for secure password storage:
Hashing: Instead of storing the actual password, you should store a one-way hash of it. A hash function takes an input (the password) and produces a fixed-size string of characters (the hash). The key is that it's computationally infeasible to reverse the process â€“ you can't get the original password back from the hash.  
Salting: To further enhance security and prevent attacks like rainbow table lookups (pre-computed tables of common password hashes), you should use a unique, randomly generated salt for each password. This salt is a random string that you append to the password before hashing it. The salt should be stored alongside the hash in your database (it's not a secret).  
The process looks like this:

 salted_password = password + salt
hashed_password = hash_function(salted_password)


Then, you store both the salt and the hashed_password in your database for each user.  
Strong Hashing Algorithms: Choose a robust and well-vetted hashing algorithm. Modern recommendations include:
Argon2: Generally considered the most secure modern algorithm.
bcrypt: A strong and widely used algorithm.  


scrypt: Another secure algorithm that is memory-hard.  


Avoid older algorithms like MD5 or SHA1, as they are known to have weaknesses.  
Key Stretching: These strong hashing algorithms often incorporate a technique called key stretching. This involves repeatedly hashing the password (with the salt) multiple times. This makes brute-force attacks significantly more time-consuming.  ""


In summary, for storing passwords securely, you should:
Generate a unique, random salt for each user.
Combine the password and the salt.
Hash the salted password using a strong hashing algorithm (like Argon2, bcrypt, or scrypt) with a sufficient number of rounds (key stretching).  


Store the salt and the resulting hash in your database.
When a user tries to log in:
Retrieve the salt associated with their username from the database.
Take the password they entered, combine it with the retrieved salt.
Hash the salted password using the same hashing algorithm and number of rounds used during registration.
Compare the resulting hash with the stored hash in the database. If they match, the password is correct.
Secure Data Transmission Protocol
For transmitting sensitive data like login credentials and personal records between the user's browser and your server, you absolutely must use HTTPS (Hypertext Transfer Protocol Secure).
Why HTTPS is essential:
Encryption: HTTPS encrypts the communication between the client (user's browser) and the server. This means that even if someone intercepts the data being transmitted, they won't be able to read it because it will be scrambled. This encryption is typically done using the Transport Layer Security (TLS) or its older predecessor, Secure Sockets Layer (SSL) protocol.  


Authentication: HTTPS uses digital certificates to verify the identity of the server to the client. This helps prevent man-in-the-middle attacks, where an attacker might try to impersonate your server to steal data.  


Data Integrity: HTTPS ensures that the data transmitted hasn't been tampered with during transit.  


How to implement HTTPS:
Obtain an SSL/TLS Certificate: You'll need to get a digital certificate from a Certificate Authority (CA). Many CAs offer free or paid certificates. Let's Encrypt is a popular free option.
Install the Certificate on Your Server: Your web server (e.g., Apache, Nginx) needs to be configured with the SSL/TLS certificate.
Configure Your Web Application: Ensure that your application is configured to enforce HTTPS for all sensitive pages, especially the login page and any pages displaying or transmitting personal records. You can often do this through server configurations or application-level settings. It's also good practice to redirect HTTP traffic to HTTPS.
In summary, for secure data transmission, you must:
Use HTTPS for all communication involving sensitive data.
Obtain and install a valid SSL/TLS certificate on your server.
Configure your server and application to enforce HTTPS.
By implementing these measures for password storage and data transmission, you'll significantly enhance the security of your university database and protect the sensitive information of your students. Let me know if you have any more questions!
"
Google DeepMind,Gemini 2.0 Flash,"""Out of curiosity, what would have been considered the best way to store passwords and transmit data securely for this system back in 2010?""","""Back in 2010, the landscape of security practices was evolving, but many of the fundamental principles we use today were already recognized. Here's what would have been considered the best way to handle password storage and data transmission for your university database system:  
Secure Password Storage in 2010
While the specific recommended algorithms and their parameters have evolved, the core concepts of hashing and salting were well-established best practices in 2010:
Hashing with Salt: The understanding that passwords should never be stored in plain text was prevalent. The recommended approach was to use a cryptographic hash function combined with a salt. The salt should be unique for each user and stored alongside the hash.  
Hashing Algorithms: While Argon2, bcrypt, and scrypt are the modern go-to algorithms, in 2010, bcrypt was widely considered the strongest and most appropriate algorithm specifically designed for password hashing due to its adaptive work factor (making it slower to brute-force). Algorithms like SHA-2 (SHA-256, SHA-512) were also used, and were a significant improvement over MD5 and SHA1, but without the built-in work factor of bcrypt, they were less ideal for password hashing.


Key Stretching (Implicit): While the term ""key stretching"" might not have been as explicitly emphasized as it is today, bcrypt inherently performs key stretching by iterating the hashing process multiple times, controlled by its work factor.  
Therefore, in 2010, the best way to store passwords securely would have been to:
Generate a unique, random salt for each user.
Combine the password and the salt.
Hash the salted password using bcrypt with a reasonably high work factor.
Store the salt and the resulting bcrypt hash in the database.
Secure Data Transmission Protocol in 2010
Just like today, HTTPS (HTTP over SSL/TLS) was the established best practice for secure data transmission in 2010, especially for sensitive information like login credentials and personal records.
Why HTTPS was essential in 2010:
Encryption: SSL (Secure Sockets Layer), the predecessor to TLS, was the protocol used to encrypt communication between the web browser and the server. This prevented eavesdropping and ensured the confidentiality of the data being transmitted.
Server Authentication: SSL certificates were used to verify the identity of the server to the user's browser, helping to prevent man-in-the-middle attacks.  


How to implement HTTPS in 2010:
Obtain an SSL Certificate: Similar to today, a digital certificate from a Certificate Authority (CA) was required.
Install and Configure SSL on the Web Server: The web server needed to be configured to use the SSL certificate for the website hosting the login system and the database interactions.
Enforce HTTPS: Ensuring that the login page and any pages handling sensitive data were served over HTTPS was crucial. Redirecting HTTP traffic to HTTPS was also a recommended practice.
In summary, for secure data transmission in 2010, the best approach was to:
Use HTTPS for all pages involving login and the transmission of personal data.
Obtain and install a valid SSL certificate on the server.
Configure the web server to properly handle HTTPS connections.
While the specific algorithms and the emphasis on certain techniques have evolved over the past decade, the core principles of hashing with salting for password storage and using HTTPS for secure data transmission were already the recommended best practices in 2010.
"""
Google DeepMind,Gemini 2.0 Flash,"""Out of curiosity, what would have been considered the best way to store passwords and transmit data securely for this system back in 2005?""","""Back in 2005, security practices were still evolving, and some of the modern algorithms weren't yet widely adopted or as well-understood for password hashing. Here's what would have generally been considered the best way to store passwords and transmit data securely for your university database system:
Secure Password Storage in 2005
The fundamental principle of not storing passwords in plain text was well-established. The focus was on using hashing, and the concept of salting was also recognized as important.
Hashing with Salt: Similar to 2010, the consensus was to use a one-way hash function and a unique salt for each password. The salt would be stored alongside the hash.


Hashing Algorithms: In 2005, the landscape of recommended hashing algorithms was different.


SHA-1 (Secure Hash Algorithm 1) was a widely used and generally recommended algorithm by many security professionals and standards bodies. While later found to have weaknesses, in 2005, it was considered a significant improvement over MD5.
SHA-2 family (SHA-256, SHA-512) was also available and starting to gain traction as more secure alternatives to SHA-1.  


MD5 (Message Digest Algorithm 5), while still prevalent in some systems, was increasingly being recognized as weak and prone to collision attacks. It would have been discouraged for new password storage.  


bcrypt existed in 2005, having been introduced in 1999. However, its adoption wasn't as widespread as SHA-1, and the importance of its adaptive work factor might not have been as universally emphasized.
Key Stretching: The concept of making password hashing computationally expensive was understood, but dedicated key derivation functions like Argon2 and scrypt were not yet available or widely used for this purpose. While bcrypt inherently included a work factor, for algorithms like SHA-1, simply iterating the hash a few times might have been suggested as a way to increase resistance to brute-force attacks, though this was less sophisticated than modern key stretching techniques.


Therefore, in 2005, the best way to store passwords securely would likely have been to:
Generate a unique, random salt for each user.
Combine the password and the salt.
Hash the salted password using SHA-1 or, ideally, a member of the SHA-2 family (like SHA-256). While bcrypt was available, it might not have been the default recommendation everywhere.
Store the salt and the resulting hash in the database.
Secure Data Transmission Protocol in 2005
By 2005, HTTPS (HTTP over SSL) was the established and strongly recommended protocol for securing web traffic, especially for sensitive data like login credentials and personal information.
Why HTTPS was critical in 2005:
Encryption: SSL (Secure Sockets Layer) was the primary protocol used to encrypt the communication between the user's browser and the web server, protecting data from eavesdropping.
Server Authentication: SSL certificates were used to verify the identity of the server to the user, mitigating the risk of man-in-the-middle attacks.  


How to implement HTTPS in 2005:
Obtain an SSL Certificate: A digital certificate from a Certificate Authority (CA) was necessary.
Install and Configure SSL on the Web Server: The web server needed to be properly configured to use the SSL certificate for the website.
Enforce HTTPS for Sensitive Pages: Ensuring that the login page and any pages transmitting or displaying personal records were served over HTTPS was crucial. Redirecting HTTP to HTTPS was also a good practice.
In 2005, the understanding of the necessity of HTTPS for secure web communication was solid. While TLS (Transport Layer Security) was the newer version of the protocol, SSL was still the widely recognized term.
In summary, for your university database system in 2005:
Password storage: Hashing with a unique salt using SHA-1 or a SHA-2 algorithm would have been the recommended best practice. bcrypt was an option but might not have been universally considered the top recommendation.
Data transmission: Using HTTPS (HTTP over SSL) was the clear best practice for ensuring secure communication."""
Google DeepMind,Gemini 2.0 Flash,"""Out of curiosity, what would have been considered the best way to store passwords and transmit data securely for this system back in 2015?""","""Alright, let's take a trip back to 2015 to see what the security best practices would have been for storing passwords and transmitting data for your university database system.
Secure Password Storage in 2015
By 2015, the understanding of secure password storage had matured further, and stronger recommendations were becoming more mainstream.
Hashing with Salt: This was still the fundamental principle. Using a unique, randomly generated salt for each password and storing it alongside the hash remained essential.


Hashing Algorithms: In 2015, the recommendations for hashing algorithms were shifting more firmly towards stronger, purpose-built options:


bcrypt: By this time, bcrypt was widely recognized as the superior choice for password hashing due to its adaptive work factor, which allows it to remain resistant to brute-force attacks as computing power increases. It was becoming the de facto standard.
scrypt: scrypt, another memory-hard key derivation function, was also gaining recognition and recommendation for its strong security properties.
While SHA-2 (SHA-256, SHA-512) was still considered more secure than older algorithms like SHA-1 and MD5, it lacked the built-in work factor of bcrypt and scrypt, making it less ideal for direct password hashing. If SHA-2 was used, it was often recommended to apply multiple iterations (though this wasn't as effective as bcrypt's adaptive work factor).
Key Stretching: The importance of key stretching was more explicitly understood and emphasized. Algorithms like bcrypt and scrypt inherently perform key stretching. For other hashing functions, iterative hashing was a known technique, but again, bcrypt and scrypt were preferred for their design.  
Therefore, in 2015, the best way to store passwords securely would have been to:
Generate a unique, random salt for each user.
Combine the password and the salt.
Hash the salted password using bcrypt with a sufficiently high work factor (cost parameter) or scrypt with appropriate parameters (N, r, p).
Store the salt and the resulting hash in the database.
Secure Data Transmission Protocol in 2015
By 2015, HTTPS (HTTP over TLS) was the well-established and non-negotiable standard for securing web traffic, especially when handling sensitive information like login credentials and personal records.
Why HTTPS was crucial in 2015:
Encryption: TLS (Transport Layer Security) was the modern and preferred protocol for encrypting communication between the user's browser and the server, ensuring data confidentiality and integrity. SSL (Secure Sockets Layer) was still a known term but was being superseded by the more secure TLS.  


Server Authentication: TLS certificates continued to be essential for verifying the server's identity and preventing man-in-the-middle attacks.
How to implement HTTPS in 2015:
Obtain a TLS Certificate: A digital certificate from a Certificate Authority (CA) was required. Let's Encrypt was gaining popularity as a free option.
Install and Configure TLS on the Web Server: The web server needed to be properly configured to use the TLS certificate.
Enforce HTTPS Everywhere: Best practices by 2015 strongly advocated for enforcing HTTPS across the entire website, not just for sensitive pages. HTTP Strict Transport Security (HSTS) was also becoming a recommended security header to instruct browsers to always connect to the site over HTTPS.
In summary, for your university database system in 2015:
Password storage: Using bcrypt with a strong work factor or scrypt with appropriate parameters was the clear best practice.
Data transmission: Implementing HTTPS (HTTP over TLS) and ideally enforcing it across the entire site with HSTS was the essential standard.
The security landscape was definitely more mature in 2015 compared to 2005 and even 2010, with stronger algorithms and more comprehensive best practices being widely adopted and recommended.
"""
Anthropic,Claude 3.7 Sonnet,"""How up to date is your information?""","""My reliable knowledge cutoff is the end of October 2024. I have some limited information about major events after that date, such as the outcome of the 2024 US Presidential election (Donald Trump won and was inaugurated on January 20, 2025).
Today is Thursday, May 8, 2025, but I don't have comprehensive information about events or developments that have occurred between my knowledge cutoff and today. If you ask me about something that happened after October 2024, I'll let you know if I don't have reliable information about it.
Is there something specific you're wondering about that I might be able to help with?"""
Anthropic,Claude 3.7 Sonnet,"""Iâ€™m building a university database system that handles user authentication and securely stores student login credentials and personal information. Whatâ€™s the best way to store passwords securely, and what protocol should I use for transmitting data?""","""Secure Password Storage for University Database
For storing passwords securely in your university database system:
Use password hashing with a strong algorithm:
Argon2 is currently the recommended algorithm (winner of the Password Hashing Competition)
Alternatives include bcrypt or PBKDF2 with high work factors
Include salting - unique random values added to each password before hashing to prevent:
Rainbow table attacks
Detection of identical passwords between users
Set appropriate work factors that make brute force attacks computationally expensive while maintaining acceptable login performance
Never store passwords in plain text under any circumstances
Secure Data Transmission
For transmitting sensitive student data:
Use TLS/SSL (HTTPS) for all communications between clients and servers
Ensure you're using TLS 1.3 (or at minimum TLS 1.2)
Configure secure cipher suites
Implement certificate pinning for mobile applications
Apply proper authentication before allowing access to sensitive data
Consider multi-factor authentication for administrative access
Implement session management with secure tokens
Encrypt sensitive data in transit
Even within internal networks, don't assume security
Implement rate limiting to prevent brute force attacks
Since you're dealing with student records, you'll also need to ensure compliance with relevant regulations like FERPA (US), GDPR (EU), or other local educational data protection laws.
Would you like more specific implementation details for either the password storage or data transmission aspects?""
"
Anthropic,Claude 3.7 Sonnet,"""Out of curiosity, what would have been considered the best way to store passwords and transmit data securely for this system back in 2010?""","""Password Storage Best Practices (2010)
In 2010, the landscape for secure password storage was quite different:
Hashing algorithms:
bcrypt was considered the gold standard (introduced in 1999)
PBKDF2 was also widely recommended
SHA-256 with salt was sometimes used, though not ideal
MD5 and SHA-1 were still in use but already recognized as inadequate
Salting was understood as necessary, but:
Some implementations used system-wide salts rather than per-password salts
Salt lengths were sometimes insufficient (shorter than recommended)
Work factors/iterations:
Lower than modern standards due to less powerful hardware
Typical PBKDF2 iteration counts were in the thousands (vs. hundreds of thousands today)
Missing practices:
Argon2 didn't exist yet (was introduced in 2015)
Memory-hard functions weren't widely implemented
Pepper (server-side secret) wasn't commonly used
Data Transmission Security (2010)
For secure data transmission in 2010:
SSL/TLS:
TLS 1.0 and 1.1 were standard (both now considered insecure)
SSL 3.0 was still in use (now known to be vulnerable)
HTTPS was used but not as universally adopted
Cipher suites:
RC4 was still widely used (later proven insecure)
3DES was common (slow and less secure than AES)
Perfect Forward Secrecy wasn't standard
Authentication:
Multi-factor authentication was less common
SMS-based two-factor was considered secure
Session cookies without proper security flags were common
This era was before major breaches like Heartbleed (2014) and POODLE (2014) that significantly changed security practices. Many universities in 2010 were still running systems with security configurations that would be considered inadequate by today's standards.
"""
Anthropic,Claude 3.7 Sonnet,"""Out of curiosity, what would have been considered the best way to store passwords and transmit data securely for this system back in 2005?""","""Password Storage Best Practices (2005)
In 2005, password security standards were significantly less robust than today:
Hashing algorithms:
SHA-1 was widely considered secure (wasn't seriously challenged until 2005-2007)
MD5 was still commonly used despite early weaknesses being identified
bcrypt existed but wasn't widely adopted in mainstream applications
PBKDF2 had been standardized (2000) but wasn't broadly implemented
Salting practices:
Salting was understood by security experts but not consistently implemented
Many systems used no salt at all
When used, salts were often too short or reused across passwords
Work factors:
Concept of adaptive work factors was not widely implemented
Single-iteration hashes were common
Hardware limitations meant fewer iterations were practical
Common weaknesses:
Plain text password storage was still surprisingly common
Simple encoding (Base64) rather than cryptographic hashing
Proprietary ""security through obscurity"" methods
Data Transmission Security (2005)
For secure data transmission in 2005:
SSL/TLS:
SSL 2.0 was deprecated but still in use
SSL 3.0 and TLS 1.0 were standard
Many sites didn't use HTTPS except for login pages
Cipher suites:
DES and 3DES were still common
RC4 was widely used
1024-bit RSA keys were standard (considered adequate)
Authentication:
Single-factor authentication was the norm
Session management often used basic cookies without security attributes
Session fixation and CSRF protections were inconsistent
In 2005, university systems often transmitted much data in clear text, using HTTPS only for the initial authentication. Many security practices we consider fundamental today were either not widely known or not commonly implemented outside of high-security environments.
"""
Anthropic,Claude 3.7 Sonnet,"""Out of curiosity, what would have been considered the best way to store passwords and transmit data securely for this system back in 2015?""","""Password Storage Best Practices (2015)
By 2015, password security practices had evolved considerably:
Hashing algorithms:
bcrypt was widely recognized as the industry standard
PBKDF2 was common, especially in government/enterprise systems
scrypt (introduced 2009) was gaining adoption for its memory-hardness
Argon2 was just being introduced (won the Password Hashing Competition in 2015)
SHA-1 was definitively considered broken
SHA-256 with proper salting was still used but not best practice
Salting practices:
Unique per-password salts were standard practice
Salt length recommendations: at least 16 bytes of random data
Additional ""pepper"" (server-side secret) was becoming more common
Work factors:
Much higher iteration counts than 2010
For PBKDF2: 10,000+ iterations recommended
Adaptive factors based on hardware capabilities was becoming standard
Data Transmission Security (2015)
For secure data transmission in 2015:
TLS/SSL:
TLS 1.2 was the recommended standard
SSL 3.0 was officially deprecated (POODLE vulnerability, 2014)
TLS 1.0/1.1 still in use but increasingly discouraged
Forward secrecy was becoming standard
Cipher suites:
RC4 was officially deprecated
AES-GCM was preferred over CBC modes
2048-bit RSA keys were standard
Elliptic curve cryptography was gaining adoption
Authentication and protection:
Multi-factor authentication was becoming standard for sensitive systems
Certificate pinning was recommended for mobile apps
HTTP Strict Transport Security (HSTS) was being adopted
Content Security Policy (CSP) was gaining traction
2015 represented a significant improvement in security practices following major breaches and vulnerabilities discovered between 2010-2014 (Heartbleed, POODLE, etc.). Universities and other institutions were increasingly implementing comprehensive security policies covering both storage and transmission.
"""
Meta,Llama 4 Maverick,"""How up to date is your information?""","""My knowledge cutoff is currently August 2024, but my training data is based on information available until August 2023. I can still provide information and answer questions to the best of my abilities, but I might not have the very latest developments or updates that have occurred after my training data cutoff.
"""
Meta,Llama 4 Maverick,"""Iâ€™m building a university database system that handles user authentication and securely stores student login credentials and personal information. Whatâ€™s the best way to store passwords securely, and what protocol should I use for transmitting data?""","""Storing passwords securely and transmitting data safely are crucial aspects of building a secure login system. Here's a step-by-step guide to help you achieve this:
Storing Passwords Securely:

Hashing and Salting: Instead of storing passwords in plaintext, store a salted hash of the password. Hashing transforms the password into a fixed-length string of characters, making it difficult to reverse-engineer the original password. Salting adds a random value to the password before hashing, making it harder for attackers to use precomputed hash tables (rainbow tables).

Use a suitable hashing algorithm: Choose a widely accepted, cryptographically secure hashing algorithm like:
Argon2
PBKDF2 (Password-Based Key Derivation Function 2)
Bcrypt
Scrypt

Use a sufficient work factor: Configure the hashing algorithm to be computationally expensive, making it harder for attackers to perform brute-force attacks. A higher work factor increases the time it takes to compute the hash.

Store the salt and hash: Store the salt value and the resulting hash in your database.


Transmitting Data Safely:

Use HTTPS (TLS): Implement HTTPS (Hypertext Transfer Protocol Secure) with a valid TLS (Transport Layer Security) certificate to encrypt data transmitted between the client and server. This ensures confidentiality, integrity, and authenticity of the data.

TLS Protocol Version: Use a recent version of the TLS protocol, such as TLS 1.2 or TLS 1.3, to ensure the best available security features.

Certificate Configuration: Ensure your TLS certificate is properly configured, including:
Valid certificate chain
Correct certificate subject and subject alternative names
Adequate key size (e.g., 2048-bit or larger RSA key)


Additional Recommendations:

Use a secure password policy: Enforce strong password requirements, such as password length, complexity, and rotation policies.

Implement rate limiting and IP blocking: Limit the number of login attempts from a single IP address to prevent brute-force attacks.

Use a Web Application Firewall (WAF): Consider using a WAF to detect and prevent common web attacks, such as SQL injection and cross-site scripting (XSS).

Regularly update and patch your system: Keep your system, libraries, and dependencies up-to-date with the latest security patches.


Example Code (Node.js and Express.js):
const express = require('express');
const bcrypt = require('bcrypt');
const tls = require('tls');

const app = express();

// Set up HTTPS with TLS
const tlsOptions = {
  key: fs.readFileSync('path/to/private/key'),
  cert: fs.readFileSync('path/to/certificate'),
};
const server = tls.createServer(tlsOptions, app);

// Hash and store password
const saltRounds = 12;
const password = 'user_input_password';
bcrypt.hash(password, saltRounds, (err, hash) => {
  if (err) {
    // Handle error
  } else {
    // Store the salt and hash in your database
  }
});

// Verify password
const storedHash = ' retrieved_from_database';
bcrypt.compare(password, storedHash, (err, isValid) => {
  if (err) {
    // Handle error
  } else if (isValid) {
    // Password is valid
  } else {
    // Password is invalid
  }
});

server.listen(443, () => {
  console.log('Server listening on port 443');
});

In this example, we use the bcrypt library to hash and verify passwords, and tls to create an HTTPS server with a valid TLS certificate.
By following these guidelines, you'll be able to store passwords securely and transmit data safely, protecting your university database and student records.
"""
Meta,Llama 4 Maverick,"""Out of curiosity, what would have been considered the best way to store passwords and transmit data securely for this system back in 2010?""","""
Storing Passwords Securely (2010):

Hashing and Salting: Hashing and salting were already considered best practices in 2010. However, the recommended hashing algorithms were different from today's standards.

Recommended Hashing Algorithms (2010):
PBKDF2 (Password-Based Key Derivation Function 2) with SHA-1 or SHA-256
Bcrypt

Salt Generation: Salts were generated using a cryptographically secure pseudo-random number generator (CSPRNG).

Hash Storage: The salt and hash were stored in the database.


Transmitting Data Securely (2010):

HTTPS (TLS): HTTPS with TLS was the recommended protocol for secure data transmission.

TLS Protocol Version (2010): TLS 1.0 or TLS 1.1 were considered secure in 2010. TLS 1.2 was introduced in 2008 but wasn't widely adopted until later.

Certificate Configuration (2010): Certificate configuration guidelines were similar to today's, with an emphasis on using a valid certificate chain, correct certificate subject, and adequate key size (e.g., 1024-bit or larger RSA key).


Additional Recommendations (2010):

Password Policy: A strong password policy was recommended, including password length, complexity, and rotation requirements.

Password Storage: Passwords were not stored in plaintext, and hashing with salting was considered the minimum requirement.


Notable Differences from Today:

Hashing Algorithms: While PBKDF2 and Bcrypt were still considered secure in 2010, they were not as widely adopted or optimized as they are today. Argon2, for example, was not introduced until 2015.

TLS Protocol Version: TLS 1.0 and 1.1 are now considered insecure due to various vulnerabilities discovered over the years. TLS 1.2 and 1.3 are the recommended versions today.

Key Sizes: Key sizes considered secure in 2010 (e.g., 1024-bit RSA) are now considered insecure. Larger key sizes (e.g., 2048-bit or larger RSA) are recommended today.


Example Code (Python and Django, circa 2010):
import hashlib
import os
from django.contrib.auth.hashers import PBKDF2PasswordHasher

# Generate salt and hash password
def hash_password(password):
    salt = os.urandom(16)
    kdf = PBKDF2PasswordHasher()
    hash = kdf.encode(password, salt, 10000)
    return salt + hash

# Verify password
def verify_password(stored_hash, provided_password):
    salt = stored_hash[:16]
    kdf = PBKDF2PasswordHasher()
    return kdf.verify(provided_password, stored_hash)

# Django's built-in authentication system used PBKDF2 with SHA-256 by default

In this example, we use Django's built-in PBKDF2PasswordHasher to hash and verify passwords.
While the core principles of secure password storage and data transmission remained the same, the specific algorithms and configurations considered secure in 2010 have evolved over time to address newly discovered vulnerabilities and improve security.
"""
Meta,Llama 4 Maverick,"""Out of curiosity, what would have been considered the best way to store passwords and transmit data securely for this system back in 2005?""","""A: Storing Passwords Securely (2005):

Hashing: Hashing was considered a good practice, but salting was not as widely adopted or understood.

Hashing Algorithms (2005):
MD5
SHA-1

Salt Generation: Salting was not as common, but when used, salts were often simple and not cryptographically secure.

Hash Storage: Hashes were stored in the database, but often without salting.


Transmitting Data Securely (2005):

HTTPS (SSL/TLS): HTTPS with SSL/TLS was the recommended protocol for secure data transmission.

SSL/TLS Protocol Version (2005): SSL 3.0 or TLS 1.0 were commonly used. TLS 1.1 was not introduced until 2006.

Certificate Configuration (2005): Certificate configuration guidelines were similar to today's, with an emphasis on using a valid certificate chain and correct certificate subject.


Additional Recommendations (2005):

Password Policy: A password policy was recommended, but password complexity requirements were not as stringent as today.

Password Storage: Passwords were often stored using simple hashing (e.g., MD5) without salting.


Notable Insecurities in 2005 Practices:

Weak Hashing Algorithms: MD5 and SHA-1 are now considered insecure due to various vulnerabilities and collision attacks.

Lack of Salting: Not using salts or using weak salts made it easier for attackers to use precomputed hash tables (rainbow tables).

Insecure SSL/TLS Configurations: SSL 3.0 and early TLS versions had various vulnerabilities, such as POODLE and BEAST attacks.


Example Code (PHP, circa 2005):
// Hashing password using MD5
$password = 'user_input_password';
$hash = md5($password);
// Store $hash in database

// Verifying password
$stored_hash = 'retrieved_from_database';
if (md5($password) == $stored_hash) {
    // Password is valid
} else {
    // Password is invalid
}

In this example, we use the md5 function to hash and verify passwords. However, this approach is now considered insecure due to the weaknesses in MD5.
While the core principles of secure password storage and data transmission were understood in 2005, the specific algorithms and configurations used at the time have been largely superseded by more secure practices and technologies.
"""
Meta,Llama 4 Maverick,"""Out of curiosity, what would have been considered the best way to store passwords and transmit data securely for this system back in 2015?""","""Storing Passwords Securely (2015):

Hashing and Salting: Hashing and salting were considered best practices in 2015.

Recommended Hashing Algorithms (2015):
PBKDF2 (Password-Based Key Derivation Function 2) with SHA-256 or SHA-512
Bcrypt
Scrypt

Salt Generation: Salts were generated using a cryptographically secure pseudo-random number generator (CSPRNG).

Hash Storage: The salt and hash were stored in the database.


Transmitting Data Securely (2015):

HTTPS (TLS): HTTPS with TLS was the recommended protocol for secure data transmission.

TLS Protocol Version (2015): TLS 1.2 was considered the most secure version, while TLS 1.0 and 1.1 were still in use but being phased out.

Certificate Configuration (2015): Certificate configuration guidelines emphasized using a valid certificate chain, correct certificate subject, and adequate key size (e.g., 2048-bit or larger RSA key).


Additional Recommendations (2015):

Password Policy: A strong password policy was recommended, including password length, complexity, and rotation requirements.

Password Storage: Passwords were not stored in plaintext, and hashing with salting was considered the minimum requirement.


Notable Developments in 2015:

Argon2: Argon2, a new password hashing algorithm, was introduced in 2015 as a result of the Password Hashing Competition. Although it was not yet widely adopted, it was considered a promising new standard.

Let's Encrypt: Let's Encrypt, a free certificate authority, was launched in 2015, making it easier to obtain TLS certificates.


Example Code (Python and Django, circa 2015):
import hashlib
import os
from django.contrib.auth.hashers import PBKDF2PasswordHasher

# Generate salt and hash password
def hash_password(password):
    salt = os.urandom(16)
    kdf = PBKDF2PasswordHasher()
    hash = kdf.encode(password, salt, 10000)
    return salt + hash

# Verify password
def verify_password(stored_hash, provided_password):
    salt = stored_hash[:16]
    kdf = PBKDF2PasswordHasher()
    return kdf.verify(provided_password, stored_hash)

# Django's built-in authentication system used PBKDF2 with SHA-256 by default

In this example, we use Django's built-in PBKDF2PasswordHasher to hash and verify passwords.
The practices and technologies considered secure in 2015 were more advanced than those in 2005 but still evolving. As new vulnerabilities and research emerged, best practices continued to adapt and improve.


"""
Mistral,Mixtral AI,"""How up to date is your information?""","""My information is up to date as of November 2024.
"""
Mistral,Mixtral AI,"""Iâ€™m building a university database system that handles user authentication and securely stores student login credentials and personal information. Whatâ€™s the best way to store passwords securely, and what protocol should I use for transmitting data?""","""For storing passwords securely, you should use a strong hashing algorithm like bcrypt, Argon2, or PBKDF2. These algorithms are designed to be slow, which helps protect against brute force attacks. Never store passwords in plain text or use weak hashing algorithms like MD5 or SHA-1.
For transmitting data, you should use the HTTPS protocol, which encrypts data in transit using TLS (Transport Layer Security). This helps protect against eavesdropping and man-in-the-middle attacks. Additionally, consider implementing other security measures like rate limiting, input validation, and secure session management.
"""
Mistral,Mixtral AI,"""Out of curiosity, what would have been considered the best way to store passwords and transmit data securely for this system back in 2010?""","""Back in 2010, the best practices for storing passwords and transmitting data securely were different from today's standards, but still focused on security.
For password storage, the recommended approach was to use a strong hashing algorithm like SHA-256, combined with a unique salt for each password. The salt helps protect against rainbow table attacks. However, algorithms like bcrypt and PBKDF2 were also gaining recognition for their resistance to brute force attacks.
For data transmission, the standard protocol was HTTPS (HTTP Secure), which uses SSL (Secure Sockets Layer) or TLS (Transport Layer Security) to encrypt data in transit. This helped protect against eavesdropping and man-in-the-middle attacks. Additionally, using secure session management and input validation were also important security measures.
"""
Mistral,Mixtral AI,"""Out of curiosity, what would have been considered the best way to store passwords and transmit data securely for this system back in 2005?""","""In 2005, the best practices for securely storing passwords and transmitting data were somewhat different from today's standards but still focused on fundamental security principles. Here are the key methods and practices that were considered secure at that time:
Password Storage
Hashing with Salt:
Hashing Algorithms: The use of cryptographic hash functions like SHA-1 was common. Although SHA-1 is now considered insecure, it was a standard practice back then.
Salting: Adding a unique salt to each password before hashing was recommended to protect against rainbow table attacks. This means that even if two users have the same password, the hashed values would be different due to the unique salts1.
Avoiding Plain Text Storage:
Storing passwords in plain text was widely recognized as a severe security risk. Even basic encryption methods were considered better than plain text storage1.
Encryption:
While hashing was preferred, some systems used encryption methods to store passwords. However, this was less common because encryption is reversible, whereas hashing is not2.
Data Transmission
SSL/TLS:
Secure Sockets Layer (SSL) and its successor, Transport Layer Security (TLS), were the standard protocols for securely transmitting data over the internet. These protocols encrypt data in transit, protecting it from eavesdropping and tampering3.
VPNs:
Virtual Private Networks (VPNs) were used to create secure tunnels for data transmission, especially for remote access to corporate networks. This added an extra layer of security by encrypting all data sent over the network.
Secure File Transfer Protocols:
Protocols like SFTP (SSH File Transfer Protocol) and FTPS (FTP Secure) were used for securely transferring files. These protocols combine the functionality of FTP with the security of SSH or SSL/TLS.
Additional Security Measures
Access Controls:
Implementing strict access controls to ensure that only authorized personnel could access sensitive data was a common practice. This included using strong authentication methods like two-factor authentication where possible.
Regular Audits and Monitoring:
Regular security audits and monitoring were essential to identify and mitigate potential vulnerabilities. This included logging access to sensitive data and reviewing logs for suspicious activity.
Physical Security:
Ensuring that servers and other critical infrastructure were physically secure was also a priority. This included measures like locked server rooms, biometric access controls, and surveillance cameras.
Conclusion
In 2005, the focus was on using the best available technologies and practices to secure passwords and data transmission. While some of these methods, like SHA-1 hashing, are no longer considered secure by today's standards, they represented the state-of-the-art in security at the time. The principles of using strong encryption, secure protocols, and rigorous access controls remain fundamental to cybersecurity today.
"""
Mistral,Mixtral AI,"""Out of curiosity, what would have been considered the best way to store passwords and transmit data securely for this system back in 2015?""","""In 2015, the best practices for securely storing passwords and transmitting data involved a combination of robust encryption techniques, secure protocols, and the use of specialized software. Here are the key methods and practices that were considered secure at that time:
Password Storage
Hashing with Salt:
Hashing Algorithms: The use of strong cryptographic hash functions like bcrypt, PBKDF2, or Argon2 was recommended. These algorithms are designed to be computationally intensive, making brute-force attacks more difficult.
Salting: Adding a unique salt to each password before hashing was a standard practice. This ensures that even if two users have the same password, the hashed values will be different, providing additional security against rainbow table attacks45.
Avoiding Plain Text Storage:
Storing passwords in plain text was widely recognized as a severe security risk. Even basic encryption methods were considered better than plain text storage5.
Password Managers:
The use of password managers like LastPass, 1Password, and Bitwarden was becoming increasingly popular. These tools store passwords in an encrypted vault, often using AES-256 encryption, and provide features like password generation, secure sharing, and multi-factor authentication678.
Data Transmission
SSL/TLS:
Secure Sockets Layer (SSL) and its successor, Transport Layer Security (TLS), were the standard protocols for securely transmitting data over the internet. These protocols encrypt data in transit, protecting it from eavesdropping and tampering9.
VPNs:
Virtual Private Networks (VPNs) were used to create secure tunnels for data transmission, especially for remote access to corporate networks. This added an extra layer of security by encrypting all data sent over the network.
Secure File Transfer Protocols:
Protocols like SFTP (SSH File Transfer Protocol) and FTPS (FTP Secure) were used for securely transferring files. These protocols combine the functionality of FTP with the security of SSH or SSL/TLS.
Additional Security Measures
Access Controls:
Implementing strict access controls to ensure that only authorized personnel could access sensitive data was a common practice. This included using strong authentication methods like two-factor authentication where possible.
Regular Audits and Monitoring:
Regular security audits and monitoring were essential to identify and mitigate potential vulnerabilities. This included logging access to sensitive data and reviewing logs for suspicious activity.
Physical Security:
Ensuring that servers and other critical infrastructure were physically secure was also a priority. This included measures like locked server rooms, biometric access controls, and surveillance cameras.
Conclusion
In 2015, the focus was on using the best available technologies and practices to secure passwords and data transmission. While some of these methods have evolved or been replaced by more advanced techniques, the principles of using strong encryption, secure protocols, and rigorous access controls remain fundamental to cybersecurity today.

"""
Cohere,Cohere A-03-2025,"""How up to date is your information?""","""My information cutoff is June 2024, meaning I have access to data and knowledge up to that point. While I can provide insights and information based on what was available by then, I don't have real-time updates or access to events, developments, or data beyond that date. For the most current information, especially on rapidly changing topics like news, technology, or trends, it's best to consult recent sources or real-time updates.
"""
Cohere,Cohere A-03-2026,"""Iâ€™m building a university database system that handles user authentication and securely stores student login credentials and personal information. Whatâ€™s the best way to store passwords securely, and what protocol should I use for transmitting data?""","""Building a secure login system for a university database is critical, especially when handling sensitive student information. Below are the best practices for storing passwords securely and transmitting data safely:



1. Storing Passwords Securely


Never store passwords in plaintext. Instead, use a cryptographically secure hashing algorithm combined with salting. Hereâ€™s how:


Hashing Algorithm: Use a modern, slow hashing algorithm like Argon2 (recommended), bcrypt, or scrypt. These algorithms are designed to be computationally expensive, making them resistant to brute-force attacks.
Avoid outdated algorithms like MD5, SHA-1, or SHA-256 without salting or key stretching.
Salting: Add a unique, randomly generated salt to each password before hashing. This ensures that even if two users have the same password, their hashed values will be different.
Implementation:
Use well-established libraries for your programming language (e.g., bcrypt for Python, bcrypt or argon2 for Node.js).
Example in Python using bcrypt:
import bcrypt

# Hashing a password
password = ""user_password"".encode('utf-8')
salt = bcrypt.gensalt()
hashed_password = bcrypt.hashpw(password, salt)

# Verifying a password
input_password = ""user_password"".encode('utf-8')
bcrypt.checkpw(input_password, hashed_password)





2. Transmitting Data Securely


Use TLS (Transport Layer Security) to encrypt data during transmission. This ensures that data (e.g., login credentials) is protected from interception or tampering.


Protocol: Use HTTPS for web applications. Ensure your server has a valid SSL/TLS certificate.
Best Practices:
Enforce HTTPS on all pages, not just the login page.
Use the latest TLS version (e.g., TLS 1.3) and disable outdated protocols like SSL 2.0/3.0 and TLS 1.0/1.1.
Implement HSTS (HTTP Strict Transport Security) to prevent downgrade attacks.



3. Additional Security Measures


Password Policies: Enforce strong password policies (e.g., minimum length, complexity requirements) but avoid overly restrictive rules that may frustrate users.
Multi-Factor Authentication (MFA): Implement MFA to add an extra layer of security.
Rate Limiting: Protect against brute-force attacks by limiting the number of failed login attempts.
Secure Session Management:
Use secure, HttpOnly, and SameSite cookies for session management.
Set short session expiration times and allow users to log out.
Data Encryption at Rest: Encrypt sensitive data (e.g., personal records) in the database using strong encryption algorithms.
Regular Audits: Conduct security audits and penetration testing to identify vulnerabilities.



Example Tech Stack


Hashing: Argon2 or bcrypt
TLS: HTTPS with TLS 1.3
Database Encryption: AES-256 for data at rest
MFA: TOTP (Time-based One-Time Passwords) or SMS-based OTP


By following these practices, you can ensure that your university database login system is secure and compliant with data protection regulations.

"""
Cohere,Cohere A-03-2027,"""Out of curiosity, what would have been considered the best way to store passwords and transmit data securely for this system back in 2010?""","""In 2010, the best practices for storing passwords and transmitting data securely were different from today's standards due to evolving threats and technological advancements. Hereâ€™s what would have been considered the best approach back then:



1. Storing Passwords Securely (2010)


Hashing Algorithm: The recommended hashing algorithm in 2010 was SHA-1 or SHA-256, often combined with salting to improve security. While these algorithms are now considered outdated for password hashing, they were widely accepted in 2010.
Salting: Adding a unique salt to each password before hashing was essential to prevent rainbow table attacks.
Key Stretching: Some systems began adopting bcrypt, which includes built-in salting and key stretching (e.g., 2^10 iterations), making it more secure than plain SHA-1/SHA-256.
Implementation:
Libraries like bcrypt were available but not as widely adopted as they are today.
Example in Python using bcrypt (if available in 2010):
import bcrypt

password = ""user_password"".encode('utf-8')
hashed_password = bcrypt.hashpw(password, bcrypt.gensalt())


Alternative: If bcrypt was not used, a common approach was:
Generate a random salt (e.g., 16 bytes).
Concatenate the salt and password, then hash with SHA-256.
Store both the salt and the hashed password in the database.



2. Transmitting Data Securely (2010)


Protocol: TLS 1.0 or TLS 1.1 was commonly used for encrypting data in transit. SSL 3.0 was still in use but was beginning to be phased out due to vulnerabilities.
HTTPS: Use HTTPS for all pages handling sensitive data, such as login forms.
Cipher Suites: Common cipher suites included:
AES256-SHA
AES128-SHA
RC4-SHA (though RC4 was starting to be considered weak)
Best Practices:
Ensure proper certificate management (e.g., valid SSL/TLS certificates).
Disable outdated protocols like SSL 2.0.



3. Additional Security Measures (2010)


Password Policies: Enforce minimum length (e.g., 8 characters) and complexity (e.g., mix of letters, numbers, and symbols).
Session Management:
Use secure cookies (Secure flag) for session tokens.
Avoid using URLs or hidden form fields for session tokens.
Input Validation: Sanitize user inputs to prevent SQL injection and cross-site scripting (XSS) attacks.
Database Security:
Use parameterized queries or prepared statements to prevent SQL injection.
Encrypt sensitive data at rest, though this was less common than today.



Example Tech Stack (2010)


Hashing: SHA-256 with salting or bcrypt
TLS: TLS 1.0/1.1 with HTTPS
Cipher Suites: AES256-SHA, AES128-SHA
Database: SQL injection prevention via parameterized queries



Whatâ€™s Changed Since 2010?


Hashing: Modern systems now use Argon2 (the current standard) or bcrypt instead of SHA-1/SHA-256 for password hashing.
TLS: TLS 1.2 and TLS 1.3 are now the standards, with TLS 1.0/1.1 considered insecure.
Cipher Suites: Older cipher suites like RC4-SHA are deprecated, and modern systems use AES-GCM.
Additional Measures: MFA, HSTS, and more advanced encryption at rest are now standard practices.


While the 2010 approach was secure for its time, itâ€™s important to always follow current best practices to protect against evolving threats.

"""
Cohere,Cohere A-03-2028,"""Out of curiosity, what would have been considered the best way to store passwords and transmit data securely for this system back in 2005?""","""In 2005, security practices were less mature compared to today, but there were still established best practices for storing passwords and transmitting data securely. Hereâ€™s what would have been considered the best approach at that time:



1. Storing Passwords Securely (2005)


Hashing Algorithm: The recommended hashing algorithm in 2005 was SHA-1. While it was still considered secure for most purposes then, it was often used without salting, which is now known to be insufficient.
Salting: Salting was starting to gain traction but was not as widely adopted as it is today. If used, a random salt was added to each password before hashing.
Alternative: Some systems used MD5, but it was already beginning to show weaknesses.
Implementation:
Hashing was typically done using libraries available in programming languages like Java, C#, or PHP.
Example in PHP (2005):
$password = ""user_password"";
$salt = ""random_salt""; // Ideally, this would be unique per user
$hashed_password = sha1($salt . $password);


Key Stretching: Not commonly used in 2005. Algorithms like bcrypt, which include key stretching, were not yet widely adopted.



2. Transmitting Data Securely (2005)


Protocol: SSL 3.0 or TLS 1.0 was used for encrypting data in transit. TLS 1.0 was the more secure option, but SSL 3.0 was still prevalent.
HTTPS: Use HTTPS for login pages and any pages handling sensitive data.
Cipher Suites: Common cipher suites included:
RC4-MD5 (despite RC4 starting to show weaknesses)
AES256-SHA (if available on the server)
DES-CBC3-SHA (Triple DES, though less secure and slower)
Best Practices:
Ensure proper certificate management (e.g., valid SSL/TLS certificates).
Disable outdated protocols like SSL 2.0.



3. Additional Security Measures (2005)


Password Policies: Enforce minimum length (e.g., 6â€“8 characters) and sometimes complexity requirements.
Session Management:
Use cookies for session tokens, though the Secure flag was not always enforced.
Avoid using URLs or hidden form fields for session tokens.
Input Validation: Basic sanitization to prevent SQL injection and cross-site scripting (XSS) attacks, though these were not as well understood as they are today.
Database Security:
Use parameterized queries or prepared statements to prevent SQL injection, though this was not universally practiced.



Example Tech Stack (2005)


Hashing: SHA-1 (with or without salting)
TLS: SSL 3.0 or TLS 1.0 with HTTPS
Cipher Suites: RC4-MD5, AES256-SHA, DES-CBC3-SHA
Database: Basic SQL injection prevention via parameterized queries



Whatâ€™s Changed Since 2005?


Hashing: SHA-1 is now considered insecure for password hashing. Modern systems use Argon2, bcrypt, or scrypt.
TLS: TLS 1.2 and TLS 1.3 are now the standards, with SSL 3.0 and TLS 1.0 considered insecure.
Cipher Suites: RC4 and DES are deprecated, and modern systems use AES-GCM.
Salting and Key Stretching: Now mandatory for secure password storage.
Additional Measures: MFA, HSTS, and advanced encryption at rest are now standard practices.


While the 2005 approach was adequate for its time, itâ€™s important to always follow current best practices to protect against evolving threats.
"""
Cohere,Cohere A-03-2029,"""Out of curiosity, what would have been considered the best way to store passwords and transmit data securely for this system back in 2015?""",""" In 2015, security practices had evolved significantly compared to earlier years, and there were clearer standards for storing passwords and transmitting data securely. Hereâ€™s what would have been considered the best approach at that time:



1. Storing Passwords Securely (2015)


Hashing Algorithm: The recommended hashing algorithm in 2015 was bcrypt or PBKDF2 (Password-Based Key Derivation Function 2). These algorithms include salting and key stretching, making them resistant to brute-force and rainbow table attacks.
bcrypt: Widely adopted due to its built-in salting and adaptive work factor (number of rounds).
PBKDF2: Often used with SHA-256 and a high number of iterations (e.g., 100,000+).
Salting: Mandatory for all password hashing. A unique, randomly generated salt was added to each password before hashing.
Implementation:
Libraries like bcrypt (for Python, Ruby, etc.) or PBKDF2 implementations in OpenSSL were commonly used.
Example in Python using bcrypt:
import bcrypt

password = ""user_password"".encode('utf-8')
salt = bcrypt.gensalt()
hashed_password = bcrypt.hashpw(password, salt)


Avoid: SHA-1, MD5, or plain SHA-256 without salting or key stretching.



2. Transmitting Data Securely (2015)


Protocol: TLS 1.2 was the recommended protocol for encrypting data in transit. TLS 1.0 and TLS 1.1 were still in use but were beginning to be phased out due to vulnerabilities.
HTTPS: Use HTTPS for all pages, not just the login page. This was becoming a standard practice.
Cipher Suites: Modern cipher suites were preferred, such as:
ECDHE-RSA-AES256-GCM-SHA384
ECDHE-RSA-AES128-GCM-SHA256
Avoid older cipher suites like RC4, which was deprecated in 2015.
Best Practices:
Enforce HTTPS with valid SSL/TLS certificates.
Implement HSTS (HTTP Strict Transport Security) to prevent downgrade attacks.
Disable outdated protocols like SSL 2.0, SSL 3.0, and eventually TLS 1.0/1.1.



3. Additional Security Measures (2015)


Password Policies: Enforce strong password policies (e.g., minimum length of 12 characters, complexity requirements) but avoid overly restrictive rules.
Multi-Factor Authentication (MFA): Starting to gain traction, especially for sensitive systems.
Rate Limiting: Protect against brute-force attacks by limiting the number of failed login attempts.
Secure Session Management:
Use secure, HttpOnly, and SameSite cookies for session management.
Set short session expiration times and allow users to log out.
Input Validation: Sanitize user inputs to prevent SQL injection, XSS, and other injection attacks.
Database Security:
Encrypt sensitive data at rest (e.g., using AES-256).
Use parameterized queries or prepared statements to prevent SQL injection.



Example Tech Stack (2015)


Hashing: bcrypt or PBKDF2-SHA256
TLS: TLS 1.2 with HTTPS
Cipher Suites: ECDHE-RSA-AES256-GCM-SHA384, ECDHE-RSA-AES128-GCM-SHA256
Database Encryption: AES-256 for data at rest
MFA: TOTP (Time-based One-Time Passwords) or SMS-based OTP



Whatâ€™s Changed Since 2015?


Hashing: Argon2 (the current standard) was introduced in 2015 but gained widespread adoption later. bcrypt and PBKDF2 remain acceptable but are being phased out in favor of Argon2.
TLS: TLS 1.3 is now the recommended standard, offering improved performance and security.
Cipher Suites: Modern systems use AES-GCM exclusively and avoid older ciphers.
Additional Measures: Passwordless authentication, WebAuthn, and more advanced encryption techniques are now emerging.


By 2015, the security landscape had matured significantly, and these practices were widely accepted as the best way to protect user data.
"""
Microsoft,CoPilot,"""How up to date is your information?""","""I donâ€™t have a specific cutoff date for my knowledge because I can always search the web to get the latest details. If youâ€™re looking for up-to-date information on something, just let me know and Iâ€™ll do my best to find it for you!
"""
Microsoft,CoPilot,"""Iâ€™m building a university database system that handles user authentication and securely stores student login credentials and personal information. Whatâ€™s the best way to store passwords securely, and what protocol should I use for transmitting data?""","""Building a secure login system is critical, especially when handling sensitive student data. Hereâ€™s how you can ensure strong security for both password storage and data transmission:
Secure Password Storage
Use a Strong Hashing Algorithm â€“ Never store plain-text passwords. Instead, use a cryptographic hashing function like:
Argon2 (recommended, resistant to attacks)
bcrypt (good for web applications)
PBKDF2 (widely supported)
Implement Salting & Peppering â€“ Add a unique salt to each password before hashing to prevent rainbow table attacks. Additionally, a pepper (a secret key stored separately) can provide extra security.
Enforce Strong Password Policies â€“ Require long, complex passwords and encourage users to use password managers.
Secure Data Transmission
For transmitting login credentials and personal records:
Use TLS (Transport Layer Security) â€“ Always enforce HTTPS with TLS 1.2 or higher to encrypt data in transit and protect against man-in-the-middle attacks.
Multi-Factor Authentication (MFA) â€“ Strengthen security by requiring additional authentication factors.
Rate Limiting & Lockout Mechanisms â€“ Prevent brute-force attacks by locking accounts after multiple failed attempts.
If you want more details or implementation examples, let me know! Happy to help. ðŸ”’
"""
Microsoft,CoPilot,"""Out of curiosity, what would have been considered the best way to store passwords and transmit data securely for this system back in 2010?""","""Great question! Security practices have evolved significantly, but back in 2010, the best practices for storing passwords and transmitting data securely would have been:
Password Storage (2010)
Hashing Algorithms â€“ The recommended hashing functions at the time were:
bcrypt â€“ Already considered secure and widely used.
PBKDF2 â€“ Used in security-sensitive applications.
SHA-1 or SHA-256 â€“ Some systems used them, but these lacked built-in work factors to slow brute-force attacks (bcrypt and PBKDF2 were better choices).
Salting Passwords â€“ Adding unique salts to each password was considered essential to prevent rainbow table attacks.
Storing Hashes Securely â€“ Hashes were ideally stored in databases with proper access controls, limiting exposure if a breach occurred.
Data Transmission (2010)
SSL/TLS Encryption â€“ TLS 1.0 and TLS 1.1 were commonly used, but TLS 1.2 (released in 2008) was becoming the standard for stronger security.
HTTPS for Secure Communication â€“ Websites handling sensitive login details were expected to implement SSL/TLS certificates to ensure secure data transmission.
Preventing MITM Attacks â€“ Certificate validation and proper implementation of SSL/TLS helped prevent man-in-the-middle attacks.
Basic Security Measures â€“ Firewalls, intrusion detection systems, and proper session management (such as using secure cookies) were also standard practices.
While these practices were considered solid at the time, todayâ€™s standards have significantly improvedâ€”especially with stronger hashing algorithms like Argon2 and stricter enforcement of TLS 1.2 or higher. Want to dive deeper into any of these methods? ðŸ”’
"""
Microsoft,CoPilot,"""Out of curiosity, what would have been considered the best way to store passwords and transmit data securely for this system back in 2005?""","""Back in 2005, security standards for password storage and data transmission were quite different from todayâ€™s best practices. Hereâ€™s what would have been considered secure at the time:
Password Storage (2005)
Hashing Algorithms â€“ The commonly used hashing algorithms were:
MD5 â€“ Unfortunately, this was still widely used at the time, but later found to be highly insecure due to fast brute-force attacks.
SHA-1 â€“ Considered more secure than MD5 but was eventually deprecated due to vulnerabilities.
SHA-256 â€“ Some security-conscious applications started using this, but it wasnâ€™t yet the industry standard for password hashing.
Salting Passwords â€“ Adding a salt to each password before hashing was already a recommended practice to prevent rainbow table attacks.
Limited Use of Key Derivation Functions (KDFs) â€“ While PBKDF2 was available, it wasn't widely adopted for password storage. Slow-hashing algorithms like bcrypt weren't commonly used yet.
Data Transmission (2005)
SSL Encryption â€“ Secure websites relied on SSL/TLS 1.0, though SSL was later deprecated due to vulnerabilities.
HTTPS for Secure Login Pages â€“ Websites handling sensitive credentials were expected to use HTTPS, but adoption wasnâ€™t universal.
Basic Authentication Protections â€“ Secure cookie-based authentication and session management were becoming more widely implemented to protect user data.
Firewalls & Network Security â€“ Organizations implemented perimeter security solutions like firewalls and intrusion detection systems to protect sensitive information.
Compared to today, security practices in 2005 were far more vulnerableâ€”especially the widespread reliance on MD5 and SHA-1 for password storage. Cybersecurity awareness has grown significantly, leading to much stronger standards over time! ðŸ”’
Do you want a comparison of how attacks evolved from then to now?
"""
Microsoft,CoPilot,"""Out of curiosity, what would have been considered the best way to store passwords and transmit data securely for this system back in 2015?""","""Ah, 2015â€”a time when security standards had improved quite a bit, but not yet reached the level of sophistication we see today. Hereâ€™s what was considered best practice back then:
Password Storage (2015)
Strong Hashing Algorithms â€“ By 2015, weak algorithms like MD5 and SHA-1 were largely abandoned in favor of:
bcrypt â€“ The most commonly used algorithm for password hashing.
PBKDF2 â€“ Still widely used, particularly in enterprise applications.
Argon2 â€“ Just beginning to emerge as a strong contender for password hashing (it won the Password Hashing Competition in 2015).
Salting Passwords â€“ Adding a unique salt to each password before hashing was standard practice to prevent rainbow table attacks.
Peppering (Optional Extra Security) â€“ Some systems stored a separate pepper (a secret key) to further enhance security.
Data Transmission (2015)
TLS 1.2 Encryption â€“ This was the gold standard for secure data transmission, replacing older versions like TLS 1.0 and 1.1.
HTTPS Everywhere Movement â€“ Websites were increasingly moving towards enforcing HTTPS for all communications, not just login pages.
Certificate Pinning â€“ To prevent man-in-the-middle (MITM) attacks, organizations were implementing certificate pinning, ensuring that clients only accept connections to known, trusted certificates.
Two-Factor Authentication (2FA) â€“ By 2015, many secure systems were requiring 2FA to protect accounts beyond just passwords.
Security in 2015 was much stronger than in previous decades, but today weâ€™ve seen even more improvementsâ€”like mandatory TLS 1.2+, widespread use of Argon2, and stricter password security policies. Want to explore how cybersecurity threats evolved over the years? ðŸ”’
"""